Name,Age,City
Alice,25,New York
Bob,30,London
Bob,30,London
Bob,30,London
Bob,30,London
Bob,30,London
Bob,30,London
Bob,30,London
Bob,30,London
Bob,30,London
Bob,30,London
Bob,30,London
Bob,30,London
Bob,30,London
Bob,30,London
Bob,30,London
Bob,30,London
Bob,30,London
Bob,30,London
Bob,30,London
Bob,30,London
Bob,30,London
Bob,30,London
Bob,30,London
Bob,30,London
Bob,30,London
Bob,30,London
Bob,30,London
Bob,30,London
Bob,30,London
Bob,30,London
Bob,30,London
Bob,30,London
Bob,30,London
Bob,30,London
Bob,30,London
Bob,30,London
Bob,30,London
Bob,30,London
Bob,30,London
Bob,30,London
Bob,30,London
Bob,30,London
Bob,30,London
